﻿{"cameraMode":{"drawMode":0,"name":"Shaded","section":"Shading Mode"},"sceneLighting":false,"audioPlay":false,"sceneViewState":{"showFog":true,"showMaterialUpdate":false,"showSkybox":true,"showFlares":true,"showImageEffects":true,"showParticleSystems":true},"in2DMode":false,"pivot":{"x":-0.39703369140625,"y":0.009063720703125,"z":-0.3953857421875},"rotation":{"x":0.11793980747461319,"y":-0.7978213429450989,"z":0.1657991111278534,"w":0.5675227046012878},"size":0.5715864896774292,"orthographic":true}