﻿{"cameraMode":{"drawMode":0,"name":"Shaded","section":"Shading Mode"},"sceneLighting":true,"audioPlay":false,"sceneViewState":{"showFog":true,"showMaterialUpdate":false,"showSkybox":true,"showFlares":true,"showImageEffects":true,"showParticleSystems":true},"in2DMode":false,"pivot":{"x":4.376813888549805,"y":-3.1889100074768068,"z":0.5848441123962402},"rotation":{"x":-0.5068369507789612,"y":0.34496206045150759,"z":-0.2314697504043579,"w":-0.7553403973579407},"size":7.348737716674805,"orthographic":false}