﻿{"cameraMode":{"drawMode":0,"name":"Shaded","section":"Shading Mode"},"sceneLighting":false,"audioPlay":false,"sceneViewState":{"showFog":true,"showMaterialUpdate":false,"showSkybox":true,"showFlares":true,"showImageEffects":true,"showParticleSystems":true},"in2DMode":false,"pivot":{"x":0.6586673259735107,"y":1.3102179765701295,"z":-2.72265625},"rotation":{"x":0.0983477234840393,"y":-0.4992493987083435,"z":0.05716140568256378,"w":0.8589588403701782},"size":2.8578836917877199,"orthographic":true}