﻿{"cameraMode":{"drawMode":0,"name":"Shaded","section":"Shading Mode"},"sceneLighting":false,"audioPlay":false,"sceneViewState":{"showFog":true,"showMaterialUpdate":true,"showSkybox":true,"showFlares":true,"showImageEffects":true,"showParticleSystems":true},"in2DMode":false,"pivot":{"x":-175.72073364257813,"y":14.13287353515625,"z":175.25062561035157},"rotation":{"x":-0.4844339191913605,"y":0.01626993529498577,"z":-0.009002971462905407,"w":-0.8746302723884583},"size":91.9959716796875,"orthographic":false}