﻿{"cameraMode":{"drawMode":0,"name":"Shaded","section":"Shading Mode"},"sceneLighting":false,"audioPlay":false,"sceneViewState":{"showFog":true,"showMaterialUpdate":true,"showSkybox":true,"showFlares":true,"showImageEffects":true,"showParticleSystems":true},"in2DMode":false,"pivot":{"x":-175.69483947753907,"y":14.132874488830567,"z":175.229736328125},"rotation":{"x":-0.2437458634376526,"y":0.025309821590781213,"z":-0.006347854621708393,"w":-0.9694880843162537},"size":115.7059326171875,"orthographic":false}